-1562828109232.58,-0.0409958939959808,-0.0212700372398212,-0.0132873374844194,-0.0200026045628517,-0.0233032572439259,-0.023182292371407,-0.0324115683249371,-0.0239970848224856,-0.0264838300749865,-0.025705684451869,-0.00908337159628238,-0.0182864131060552,-0.0434466785359361,-0.0276112977982393,-0.0680863514808402,-0.0547936164347899,-0.0594254610346448,-0.0637271670264137,-0.0538803177722677,-0.0471070032946179,-0.0675589679430823,-0.047085922325078,-0.057012233767044,-0.0661723463580986,-0.0712832568020799,-0.0821961275316374,-0.0812669906328407,-0.0747923548863289,-0.0902444864161199,-0.0741456194309526,-0.0837109851992246,-0.0636714909726697,-0.0902144373734756,-0.0854608859155794,-0.088654613747396,-0.100917096046285,-0.0837290900000755,-0.0945469926533961,-0.0923022426126024,-0.0903156646451699,-0.107028034820942,-0.114510996531009,-0.123990804063206,-0.12871878473879,-0.113010836698709,-0.123898038153893,-0.106224495634904,-0.1291017149703,-0.179334577259207
-1544464051502.84,-0.0339105173010182,-0.0333763920216707,-0.0250769720711248,-0.00766835672644768,-0.0176611807575112,-0.0289888350124757,-0.00353311535524516,-0.029506145959401,-0.0408302407215126,-0.0157451004688394,-0.0266676422177138,-0.0294096652193564,-0.0312764571031734,-0.00672476435923978,-0.0348783665296408,-0.0259142072646745,-0.0437384544349881,-0.0510546938452101,-0.0511861070190722,-0.0586787575409984,-0.0403708454957258,-0.0516410703672099,-0.0528779212889874,-0.0626493545378995,-0.0718197256492508,-0.076737128834061,-0.0649680496908053,-0.0898471032599359,-0.0786523321119823,-0.0965796909720734,-0.0820449063987605,-0.075480485630613,-0.0956727611802812,-0.086652936486784,-0.106686907598759,-0.0905951543918494,-0.0968351587483427,-0.0961336266252951,-0.123782689272485,-0.119636484778052,-0.114295087863037,-0.107814871543591,-0.10987578918518,-0.121399125623488,-0.124363099669426,-0.125386872455618,-0.126188651245196,-0.12669680504197,-0.126970636360001
-1295744862359.64,-0.0324588909867237,-0.00267462624611328,-0.0266927027582273,-0.0283860411679198,-0.0241358530914811,-0.0223149261796534,-0.0302108403875406,-0.0299413119962881,-0.0202490306833259,-0.0184434542867757,-0.0358435740830038,-0.0258469521981675,-0.0264637796693104,-0.04106603012457,-0.0253616667741618,-0.0586807035036808,-0.0411788845734422,-0.0452083478543332,-0.0554017661060084,-0.0290474207317975,-0.0755402225702069,-0.0621967865729999,-0.0323489194824846,-0.0649552973397245,-0.0555079586064642,-0.068054265971262,-0.0820171173492958,-0.0648636296792029,-0.0555211397343664,-0.0851422368612783,-0.0785794619070622,-0.0831702094201834,-0.0844514248050482,-0.0751722604625376,-0.0902251181818837,-0.0767062211342312,-0.0800180329104325,-0.0935185595273346,-0.0778525135099502,-0.0851400980161693,-0.106243783250172,-0.100599508830742,-0.0984087356097781,-0.108913786882942,-0.118622301948776,-0.106358207698939,-0.117110162911233,-0.124958756711689,-0.129671582279632
-1371319613804.98,-0.052623423582067,-0.0374192003670011,-0.0243414197178194,-0.0148391757482596,-0.0195779722000883,-0.0346668945287011,-0.0223895931726543,-0.02630862123727,-0.0350729915466238,-0.0326502960179729,-0.039544989632471,-0.0176553392180485,-0.0348330263184164,-0.0305087975009168,-0.0162392150997457,-0.0395183837466547,-0.0409467467880795,-0.035903900504234,-0.0552040225473414,-0.0626296725337526,-0.0418287280193805,-0.0602489587803,-0.0650308538401514,-0.0585584432706558,-0.0524397906133551,-0.052168245502008,-0.0589078796481141,-0.0464410687723622,-0.0626468459727225,-0.0600016838523623,-0.0697415428169635,-0.0755530602822089,-0.0666219955304741,-0.0758280887346396,-0.0762724774658494,-0.106556578560165,-0.0649901508749832,-0.103177154686157,-0.0662589756325377,-0.0793471203219529,-0.110434224972734,-0.102708551915594,-0.101348788866413,-0.102127457178376,-0.104429964479818,-0.107288593483258,-0.11310605674308,-0.115993990974959,-0.0962571070111909
-1164845279990.42,-0.0532883372974373,-0.00767097398581353,-0.014998277559009,-0.0149804535962161,-0.0130304113742908,-0.0257900434417473,-0.018092033240362,-0.00578856110581193,-0.0274526877815333,-0.0263114002506461,-0.0302469948766376,-0.0332535753999152,-0.0355056548048331,-0.0307519435807478,-0.0393754472500788,-0.0315593693063625,-0.0508578807490838,-0.0521544932636122,-0.0509858867952997,-0.0530515299998169,-0.0296131497590108,-0.053306361478402,-0.0443987584165544,-0.056886914701633,-0.0717153555850528,-0.0759085639132085,-0.0431070648599291,-0.0660654327702799,-0.0589729012805068,-0.0565707361841762,-0.0701330955993808,-0.0755445184761067,-0.0686693514063484,-0.0908240769395435,-0.0600722513259016,-0.0751252046981374,-0.0688012562051133,-0.08711506154129,-0.0772922365290716,-0.107368833826011,-0.090492276957087,-0.0935163284565375,-0.0930446948459738,-0.0863974462420662,-0.0906008374971603,-0.100935767723233,-0.114796980160495,-0.129290613734002,-0.144365670048275
-1144697216565.96,-0.0477764567391495,-0.0250929523464101,-0.0188250918189348,-0.0267377482750681,-0.02234740561799,-0.0219692441781143,-0.0322683383908177,-0.0168103540465969,-0.0337800400511915,-0.0229652278422818,-0.0306070193620368,-0.0194606752865448,-0.0277411000434199,-0.026104013709081,-0.049350699047832,-0.0380423046672983,-0.0481021209387792,-0.0437599452965595,-0.0515443446215912,-0.0542849098396001,-0.034117133668824,-0.0559772303513032,-0.0617307720861868,-0.057367986587554,-0.0509099972691556,-0.0536046550914089,-0.0523203314468067,-0.0433802182199957,-0.0691926200288538,-0.0827324581484226,-0.0810521026179184,-0.0593577653841251,-0.0644073360452651,-0.0843718798709583,-0.0775973457308183,-0.0660956587147074,-0.0829755695414192,-0.0929726704863843,-0.0957452457056321,-0.0984246917142999,-0.0883629717184411,-0.0922169343501033,-0.104026472669126,-0.0827218188127115,-0.112380979017247,-0.0987672206008515,-0.0987633670572179,-0.103277189381612,-0.109264727405818
-1290385262140.3,-0.0527197863436906,-0.0238493093931786,-0.00549026384821853,-0.0251172040753648,-0.0234656656147337,-0.0312108291679786,-0.00923514837570487,-0.0257854600314816,-0.0270074259056844,-0.0150893650394276,-0.0395667697610882,-0.0322525725597781,-0.0304067445357405,-0.0201036882138099,-0.0440583948965617,-0.0432842600576307,-0.0202454819002229,-0.0339752527250764,-0.0508752565038952,-0.048323441832888,-0.033626948845738,-0.0448057315622131,-0.048998371623829,-0.0423222125394726,-0.0558855455566434,-0.0619438296421586,-0.056024386126288,-0.0404805549673701,-0.0504430878042474,-0.072650944881687,-0.0620586377942897,-0.0778910456313009,-0.0770595564304738,-0.071711408033317,-0.0780600343578217,-0.0623170361659949,-0.0684988843284439,-0.075833856102958,-0.0915799924775295,-0.0861084372580232,-0.0668776938747033,-0.0932170065546497,-0.092402816050627,-0.0910612481533757,-0.0979521076015359,-0.0738115509859893,-0.101422178326287,-0.109404915934927,-0.101529771008099
-1034215809079.66,-0.0666401339265912,-0.0154482456905237,-0.0274845709717035,-0.0240937177078936,-0.0172990448249019,-0.0229282924991277,-0.0197864716698332,-0.0233051983762304,-0.0270526538070953,-0.0222129747810956,-0.0419520141784974,-0.0216963031701139,-0.0185103679679892,-0.0362977830456953,-0.040435307033533,-0.0290555550234859,-0.0297481919370707,-0.0439139365348271,-0.050312621921583,-0.0476909939918906,-0.0274834602374411,-0.0396251116810177,-0.0472323542382324,-0.0382408132540785,-0.0497011260519233,-0.0542605493883027,-0.0624808136109811,-0.0643843761675098,-0.0564527229651602,-0.064427545085021,-0.0441872946290634,-0.0520618979995112,-0.06451544105542,-0.0467232064190305,-0.0767559812575192,-0.0487549451584564,-0.0863848425462965,-0.076019211662946,-0.069916292402321,-0.0449086817469719,-0.0696282568635588,-0.0653351447119316,-0.0844262992628151,-0.100892400345331,-0.090611614535998,-0.0831520223925086,-0.078554714171134,-0.0843360824473045,-0.108271106543059
-922208132187.123,-0.0534835945324057,-0.0119629784491962,-0.0256879670995912,-0.0300204894689161,-0.00440584366329329,-0.0123300235870315,-0.04239841318814,-0.0253443028475093,-0.0254645647411033,-0.0126593950373907,-0.00584956733027,-0.0185927876684657,-0.0139838529969222,-0.00782628287729008,-0.0330346413373392,-0.0403466108789045,-0.0178187565398327,-0.0279530201907298,-0.0338234032380678,-0.0293320447445546,-0.0460076788751579,-0.0332661822309949,-0.0558653127124218,-0.041657577016895,-0.0584392145641236,-0.0534647675103293,-0.0409119845662409,-0.0441110193687123,-0.0513875483863137,-0.0464805824986114,-0.0406903640386226,-0.0620386394231714,-0.0684651235079693,-0.055919013141364,-0.0645826334406803,-0.0754238275480739,-0.0562696919386764,-0.0730420913177878,-0.0652847741672013,-0.085265631323031,-0.0685053277362987,-0.0845120269209697,-0.0568331633627034,-0.0736709549207492,-0.0878115953335377,-0.0799815860023482,-0.069008694291309,-0.0894472751208262,-0.0948998659618359
-950683489556.152,-0.0566312351510825,-0.0483580871355429,-0.047477553479215,-0.0257270424910546,-0.0219973006410648,-0.0182688824372215,-0.014493649360358,-0.0233237537142502,-0.010797649236071,-0.0320445019880925,-0.0270430640730482,-0.0261354521948508,-0.0227958284512007,-0.0355317022743188,-0.0351232954333177,-0.0295525529776253,-0.036353230584186,-0.0375077029297146,-0.0395849595226774,-0.0271393169535533,-0.0312687638769643,-0.0413494490640079,-0.0608295144010706,-0.036129180036888,-0.0441631049667465,-0.0473753232915645,-0.0348447378716524,-0.038912685909609,-0.046213405815937,-0.0464586543726782,-0.0522700059420549,-0.057129054563256,-0.0646842745849304,-0.0658490455619529,-0.0515810549403342,-0.061224789748949,-0.0624744338104636,-0.0742295642155519,-0.0724693857244381,-0.0689733546845942,-0.0672114918576633,-0.0684729854018721,-0.0496654477063155,-0.0595076168467377,-0.0740157894708385,-0.076175469442234,-0.0759796098490365,-0.0688089374874433,-0.0790940775515889
-914302979726.336,-0.0655606935528288,-0.0391492744505356,-0.0301571873479305,-0.0165173481646111,-0.0140561697079689,-0.00936412084380396,-0.0162367053805913,-0.0136849174445043,-0.0330074795216943,-0.0188415513949798,-0.00338078804670502,-0.0309991954262212,-0.0308345467163817,-0.0224314481776547,-0.0213617292371567,-0.0335290341511852,-0.0160101068778492,-0.044090969967825,-0.0179446104450155,-0.0390177595523787,-0.0370324589154743,-0.0507941433249326,-0.0519487179606298,-0.0342344290990564,-0.039907273468212,-0.0305455970727699,-0.0436558992480755,-0.048892748964886,-0.0474886459323291,-0.0388807417304058,-0.0455021906973677,-0.0504881724236256,-0.0570958420060268,-0.078494172827186,-0.0453878262449373,-0.0532999790240905,-0.0676074490926007,-0.0566777480333442,-0.0547006646218632,-0.0829453980810918,-0.0779556153538805,-0.0605508542587771,-0.0756285481830865,-0.0525198850722293,-0.067997082562931,-0.0744896978230419,-0.062442536291307,-0.0747724048721058,-0.0687864188157198
-840164313439.799,-0.0750738571128297,-0.0376996820976139,-0.0206941331853273,-0.0274160003427178,-0.0105240930764219,-0.0325567738144474,-0.0175103551436722,-0.0218168258695396,-0.026724690611559,-0.0263619106316047,-0.0303243793018808,-0.00935104197378017,-0.0373697531299303,-0.0166638153617745,-0.0356384943581069,-0.0223065401867013,-0.0265040354488324,-0.00049895767675575,-0.0231441063683349,-0.0229843813334318,-0.0301863777113011,-0.00609326176808328,-0.0539773807289676,-0.0330181996742974,-0.0396702764356416,-0.0411197631271171,-0.0257145053305369,-0.0377447947876364,-0.0432931653353481,-0.0417529302160597,-0.0407212309936929,-0.0364083166426762,-0.0535619351313524,-0.0598002841245167,-0.0428478801221596,-0.0440599512197645,-0.0463601203685012,-0.045128226832473,-0.0444082374007302,-0.0650197412074753,-0.0571080849110176,-0.0588839706465606,-0.0546762842021643,-0.0505147947208906,-0.0665597605392952,-0.0547367035551524,-0.0617234832661139,-0.0787889838252585,-0.057474310817474
-851423741938.081,-0.0681759560804539,-0.0477613686496271,-0.0241414111123222,-0.0294563409584304,-0.00878065512176398,-0.016681625223941,-0.0156877314509485,-0.0146336449236616,-0.0285626258192781,-0.0119442762510659,-0.013577256825077,-0.0227200656008076,-0.0180362242804841,-0.0166727620938313,-0.0128778760165675,-0.0303619593948767,-0.0237682975591035,-0.0244232514662334,-0.0230293185285264,-0.0162341513475463,-0.0167246475208059,-0.0392137906395763,-0.0269082202777603,-0.0171321095198171,-0.0269107467065795,-0.0287423868384485,-0.0245809146512864,-0.0417169338897479,-0.0323918108085068,-0.0487733969985157,-0.0511673081551955,-0.0482482493391763,-0.0456105096450047,-0.0468996247911444,-0.0406799170404256,-0.0359529587999582,-0.0628677864672177,-0.048866724171985,-0.0685884197895645,-0.0499639762554566,-0.0450554642178543,-0.0661550050803716,-0.0621777227087452,-0.0632946484269808,-0.0480594927394381,-0.053933284613846,-0.0635554521969588,-0.0503647619956159,-0.0642093516044664
-994382603885.864,-0.100331570432934,-0.0534226108605909,-0.0521173751626132,-0.0182054572828088,-0.0103217908148635,-0.0172324983609008,-0.0220383938658366,-0.0218044109983035,-0.0220491931578997,0,-0.0259075597141405,-0.0353202272179398,-0.0225224911551717,-0.0177278107240641,-0.000928233783477988,-0.0145716938853994,-0.0306338855242319,-0.0143104928704726,-0.0246486382721793,-0.0528159368166152,-0.0288027283271893,-0.0375234424579217,-0.0339285668676096,-0.0396528917549165,-0.045514185153115,-0.033176687252549,-0.0312368335046142,-0.0239299943471296,-0.0371559232293396,-0.0480832829410625,-0.0484990866854245,-0.029143702875013,-0.0448253624396427,-0.0335679381492712,-0.0532910998225007,-0.0562172027346773,-0.0451701716588935,-0.0441775637231335,-0.0605793284183586,-0.0414294784055106,-0.0616121569967405,-0.0550725376311256,-0.0350039875321972,-0.052274540702868,-0.0438233114274428,-0.0753139169067974,-0.0547348261666174,-0.0583882709416776,-0.0381760948861096
-818764568781.873,-0.0782659639371913,-0.0583042812417323,-0.0394231166722984,-0.0312535244444154,-0.0191397035355394,-0.0197491463763299,-0.0226680290454791,-0.020162426133752,-0.0336264327789041,-0.0290631996901593,-0.00359152820777626,-0.0488120306331579,0,-0.00114823509325137,-0.0167433602754671,-0.00832473571669803,-0.0321682007526834,-0.0305704607573862,-0.0198640304739417,-0.0247921189457612,-0.0320466972474725,-0.04043656022174,-0.0296912921809249,-0.0188278813699327,-0.0319715056816058,-0.0354588594954335,-0.0344892879078849,-0.0260886861878743,-0.0361396301464785,-0.0472585501156148,-0.0254916349707145,-0.028373010148469,-0.042751013176493,-0.0452238240810648,-0.0460086867254976,-0.0360558069524732,-0.0444503494087584,-0.0365704685428892,-0.0578548401981476,-0.0420576520141873,-0.0254693839141953,-0.0586039925879378,-0.039007916727564,-0.0224256931549574,-0.0596776422961509,-0.0657111835050681,-0.0694896666758016,-0.059901295897315,-0.0399944375814633
-973547224211.075,-0.10606550352733,-0.0643048342485059,-0.0421129426454431,-0.0360133515610026,-0.0309820585353284,-0.0229343876706146,-0.0269661056322453,-0.0275582367436001,-0.0345373119845355,-0.02017851681572,-0.0156359859065237,-0.0129750082684515,-0.0256916300680863,-0.0207292129264584,-0.0274517803344494,-0.0163393630402754,-0.01200523268458,-0.0210358932119215,-0.0257477833232383,-0.0133658156451255,-0.0346273516034983,-0.0158257680684027,-0.0284262875392774,-0.0258370063657962,-0.0253189436017055,-0.0199374225511782,-0.0430378872139692,-0.0197612506192388,-0.0281853047522391,-0.0361755882591498,-0.0235244297391285,-0.0394709828230925,-0.0345634283122124,-0.0375518902736906,-0.0634475665301777,-0.0301246608894883,-0.0588547630578086,-0.0470100980702935,-0.0464262611019409,-0.0258205307646421,-0.0313548996898214,-0.0437332157108788,-0.0403372433289092,-0.0478631481130915,-0.0535781392283488,-0.0471521629725206,-0.0526723774388241,-0.0463097312047427,-0.0499101991156902
-1006878352066.54,-0.113971473210773,-0.0589189036838164,-0.0201118292591087,-0.0230923971025524,-0.0206649057237963,-0.0175711937827365,-0.00953993605658031,-0.0263329132913117,-0.0325159613355718,-0.0117045459687012,-0.0133852760144375,-0.000408504381495144,-0.0259052759107526,-0.0135827759010015,-0.0188237942145685,-0.0140127733625203,-0.026509712516564,-0.0109817382509027,-0.0184070179205818,-0.0225131294051033,-0.0300414791513791,-0.0278348899569339,-0.006980934506795,-0.0449664475903473,-0.027770120610571,-0.0351392625883473,-0.0330523023036748,-0.0206008812779324,-0.0294425878527484,-0.0153357425337742,-0.0396108305416587,-0.0449138004428948,-0.0304225979168879,-0.0316790609207213,-0.0125473080133372,-0.0220259531522525,-0.0437183364245187,-0.0399955708794337,-0.0220402101276742,-0.0380675900010259,-0.0374188877157951,-0.0494389953617798,-0.0509634080282639,-0.0574146977272355,-0.0324957305009823,-0.0534071655392032,-0.0302271024343893,-0.0421826243245182,-0.041802541916584
-1015858107709.83,-0.127940899642271,-0.069139744755284,-0.0380247574379335,-0.0305207449143192,-0.0321076348516524,-0.0116565201665865,-0.0286945927042345,-0.0351440446191009,-0.024370949519798,-0.0309772262506149,-0.014404779704128,-0.0290326432774977,-0.0150080008099591,-0.00429342342335273,-0.0154774002604367,-0.0143128809713595,-0.0146552394260042,-0.00035814037743144,-0.0291671796536229,-0.0248456583980811,-0.0226771510859015,-0.0325139528292311,-0.0103233419542984,-0.0244129630295284,-0.0108302268442838,-0.0506109105096621,-0.031723242791117,-0.0162034853051911,-0.0207154359909502,-0.0322086435774022,-0.0337152037263544,-0.0298856823400135,-0.0276584596297325,-0.025401287675724,-0.0424867665832398,-0.0583116971505238,-0.0430553345707837,-0.0246537779392373,-0.0358948204298953,-0.0328833984720838,-0.0186603534393616,-0.0474148526364558,-0.00982834275178293,-0.0345761851063431,-0.0503574055659074,-0.0531723240023916,-0.0390856643468385,-0.0410489375970496,-0.0427173462177628
-1014566943626.84,-0.148864896936988,-0.07486160585807,-0.0402145894043337,-0.0270603048168661,-0.0260662296069801,-0.0292852274380199,-0.0160392928504922,-0.0145148147247496,-0.0177142418866761,-0.0197909519611365,-0.0267560305790549,-0.019430501133574,-0.0431037986854793,-0.017387272782632,-0.0303246887868191,-0.0130091119713991,-0.0264426785535705,-0.032167108581076,-0.00468417561749905,-0.0277255390426914,-0.032211268055797,-0.00511833194688957,-0.0240494126967729,-0.0114346497605584,-0.0299030318047601,-0.0222821304947502,-0.029888418740653,-0.0339480112795688,-0.0195857365051125,-0.0233492035498233,-0.0265463763042847,-0.0298418057256763,-0.0296105731306959,-0.023239242132239,-0.0240873201758387,-0.0300954079699896,-0.0308357363868072,-0.0364225593572349,-0.0405487026628238,-0.0203594597396751,-0.0411829825462803,-0.0369877523780242,-0.0222155437912321,-0.0348155118242716,-0.0463302342199021,-0.027275976971787,-0.0378396711454195,-0.0444803996205608,-0.0321723566367652
-1066880560710.84,-0.162832304711196,-0.0860099737876575,-0.04215025019115,-0.0297179647913907,-0.0426349981569416,-0.0373275229400989,-0.0311423988082355,-0.0421979466162041,-0.0131899098965555,-0.0326772749247879,-0.0257978069490454,-0.0305909417885252,-0.0205735133905905,-0.0344199473570481,-0.0290974548324232,-0.0174697511340327,-0.0188222212951499,-0.0446048512009205,-0.0293736135873462,-0.0242486409914291,-0.0307088021945769,-0.019556185075658,-0.0208628417478893,-0.0300322586428192,-0.0321997077451463,-0.0322696451574169,-0.0298807397867818,-0.0280238676747937,-0.0115150320845183,-0.0318563574188098,-0.0181815100243327,-0.0346585626147521,-0.0116926701294567,-0.0245154803078929,-0.0140470792710839,-0.0293782276862335,-0.0402259098624967,-0.0248776981325956,-0.022926331361439,-0.0264495460509531,-0.0196923781443092,-0.0382722289848196,-0.0373027911600607,-0.0164147688975882,-0.0253036022133518,-0.0445723933765624,-0.0267524366504724,-0.0273132254800957,-0.0222869773759511
-1054167635820.04,-0.15788409853687,-0.0881315009679764,-0.0514898599422936,-0.0448584043140334,-0.0407869831165347,-0.0290866931758874,-0.0273095677396273,-0.0266791426000665,-0.025870849107227,-0.0213527512723362,-0.0250825214775214,-0.0195098362990588,-0.0151370897629588,-0.0107836212769752,-0.00750630625525619,-0.0163140857953086,-0.0349160933023493,-0.0152096578261118,-0.0286159364232979,-0.0400121356470524,-0.0232917856637794,-0.00440595832089306,-0.026608706419092,-0.0220678197601854,-0.0252286878163871,-0.0239713259661661,-0.0108560918535774,-0.0124655992311023,-0.013845019441569,-0.0140820176929835,-0.0331441760680326,-0.0261138677094622,-0.0103005353266178,-0.0186981140332048,-0.0233287342758239,-0.03016721751777,-0.00715602442817747,-0.0369915592099235,-0.013424936150292,-0.039251648175942,-0.035261909595968,-0.0194742529015662,-0.0258460274029028,-0.0289587923766298,-0.0275622239037792,-0.0250495250066573,-0.0453089585341789,-0.0286893396328116,-0.033840860182173
-1074148914291.19,-0.194792125120002,-0.110802294793485,-0.061381111950935,-0.0370858022409717,-0.0428942639568713,-0.039713958098266,-0.0398437754212729,-0.0333633534495942,-0.0176711982634829,-0.0146588948934161,-0.0176431339654558,-0.0333136207264324,-0.0217156428931317,-0.0281862900379281,-0.0182446735058731,-0.0315894799592616,-0.023279131414193,-0.021632320018324,-0.00117733631938532,-0.0366769661223078,-0.0176909191217173,-0.0095040292816608,-0.033664482746857,-0.0150755966671377,-0.0203291761304067,-0.0268753464009146,-0.0111531393262415,-0.0330968500966817,-0.0165189933535354,-0.0148733678171386,-0.032248270997224,-0.0297885678107873,-0.0298858776323991,-0.0369759301355172,-0.0304541301405386,-0.0342102306158125,-0.0181460265441503,-0.0175333126241509,-0.0273492653633794,-0.0393947428061469,-0.0100141690561962,-0.0174717774125696,-0.0285044355087636,0,-0.0220758099582493,-0.0325833019319008,-0.0285085376246424,-0.0280055561257789,-0.0381857751265198
-1059066481701.1,-0.217817994013279,-0.107360671154294,-0.0730734508484134,-0.0560727554552537,-0.0521661054807598,-0.0428158434865487,-0.037240847873261,-0.0320597936181918,-0.0284366768380433,-0.0401778462444474,-0.00634563742568718,-0.0266010154186965,-0.0254968327837407,-0.0348654992804586,-0.0170403386091708,-0.0230895424757977,-0.0113074630481538,-0.0185040974224257,-0.0215563344912243,0,0,-0.00745652495756729,-0.0255351006761022,-0.0262975116994796,-0.00944985690876074,-0.0248940714944758,-0.0192735079228888,-0.00750393901342998,-0.0212048324723469,-0.0348238393976746,-0.0228222685609637,-0.0271596078014182,-0.00170882267379607,-0.0235482235539047,-0.0216200997931877,-0.015333722063347,-0.0386097196440479,-0.0298584628013198,-0.0382460532875351,-0.00718647363350054,-0.0232668939069574,-0.0229896714539952,-0.0203468236835425,-0.00192055994970976,-0.0298438581319648,-0.0189385722856807,-0.0292175081887285,-0.0305289212543329,-0.0378350630471194
-1088183321909.82,-0.236985075242562,-0.14928815779256,-0.0710185728488701,-0.0520031843939231,-0.045579426122588,-0.0511904491092415,-0.0511765617739801,-0.0424044816144228,-0.03594885295106,-0.00771675285365319,-0.0354765570463469,-0.0153871808617355,-0.0279071897662893,-0.0211150655243123,-0.0167073112938507,-0.011739181393263,-0.0268286001231902,-0.017126222159403,-0.0179227140144915,-0.0182496199216138,-0.011259521271175,-0.0403469312810469,-0.0242730467342728,0,-0.0243697348842897,-0.0287283462747799,-0.0286708678841444,-0.0191201660796924,-0.0237569418919613,-0.010822803815337,-0.0258114402885308,-0.0385455135096052,-0.0142194876747478,-0.0247908128011298,-0.0099316705171941,-0.023755332767569,-0.0557737021420087,-0.00961505452927213,-0.0220920120149014,-0.0189062811332153,-0.027308593460208,-0.0191776706076756,-0.0326684701310518,-0.0314708661973307,-0.023379677449114,-0.0255605052164004,-0.0350037210169989,-0.0316818185314687,-0.0404802295363813
-1045401768904.4,-0.271435325782222,-0.123359895687035,-0.102695117702492,-0.0565942071392474,-0.0512887842245595,-0.0475041325419921,-0.0576168553978189,-0.0464203730382145,-0.0400972088803532,-0.0530119935955672,-0.0226668067671263,-0.0321206951297923,-0.0375392890501619,-0.0313165542736981,-0.0150690975263971,-0.0215741164754508,-0.0327175203518424,-0.0314514078890192,-0.0238617910356345,-0.0348687471728474,-0.0232546869309634,-0.0267258943053888,-0.010892124323089,-0.0129348823447492,-0.00795522568099556,-0.0278309202653677,-0.00889357788056883,-0.0230229258625142,-0.0174658598041388,-0.0179565180985023,-0.0159871748683133,-0.0283465496953679,-0.0147471823176698,-0.0356162680775269,-0.0357568136611566,-0.0347077359969064,-0.0318768325101536,-0.0365632538270837,-0.0169438627063963,-0.0183709519085947,-0.0242937257770939,-0.033255070129451,-0.0217073453287675,-0.00710148835467526,-0.0124580785260884,-0.0255139266104805,-0.0190730279513343,-0.0285519928031522,-0.0260799380338821
-1152196794312.85,-0.324812814971138,-0.147636658650236,-0.119646048569384,-0.0752463080522761,-0.0504063960070673,-0.0664935494695747,-0.0462008686958399,-0.0403165065054909,-0.0193934577551976,-0.0239746152248405,-0.0148827778294819,-0.0299629848236406,-0.0404714510032831,-0.0284800006191862,-0.0219124655328276,-0.0219307308200183,-0.0229798750265532,-0.0214546249627296,-0.0238764178819831,-0.0286304536392662,-0.0155309701060008,-0.0366537014820097,-0.0221775834727763,-0.0192396245503614,-0.0194224605223872,-0.00550538444642938,-0.00531243269700614,-0.0178848495262091,-0.0140154306373822,-0.0256731639386418,-0.0162883642182349,-0.0319004599519343,-0.0350631179128901,-0.0310553541253287,-0.0329746373669757,-0.0319078628653906,-0.00482438266125537,-0.0110394629147371,-0.0321799687143928,-0.0157468219478758,-0.0248642587742303,0,-0.0311591485720197,-0.0319357280808442,-0.0343206722504545,-0.0125967862832904,-0.031544455780615,-0.0098776694060473,-0.0258764614407747
-1036365566513.26,-0.356351449580378,-0.19190128471213,-0.115119552580475,-0.093080881828514,-0.0710520320888194,-0.0599151902344225,-0.0607963244559781,-0.0460032113260508,-0.0524087968549526,-0.0412536213409251,-0.0291787400632733,-0.0273504342406919,-0.0137622273354351,-0.0536212216250232,-0.0372244055018944,-0.0296221036320039,-0.0194871591345774,-0.0146451128869017,-0.026220319729923,-0.0376333484523449,-0.031849242497737,-0.0246071153214836,-0.0255257094223595,-0.00972875208029696,-0.0178399567839283,-0.0409756813100341,-0.0352183130805751,-0.0142696752532266,-0.0416315514091502,-0.0263356078409093,-0.0113894649358824,-0.0106359772614296,-0.0174214241838035,-0.0220806877026755,-0.00549282953656665,-0.00726820359776278,-0.0156374885522438,-0.0220017166967201,-0.0191201310670844,-0.0191445399163739,-0.0218502569082058,-0.0310892750644492,-0.00817496832954067,-0.00763170490202586,-0.0156293012161755,-0.0276323493134696,-0.0224856529614467,-0.0318680265330355,-0.005399354634408
-1143402383138.46,-0.436174795631504,-0.234497437647276,-0.147453712439194,-0.102216433298333,-0.0689454666077064,-0.0820230979761237,-0.0475891637386856,-0.0629921852168053,-0.0479096117601818,-0.0479694944845735,-0.0540661579924189,-0.0251501555431168,-0.0331303631308491,-0.0317811963293254,-0.0332100414367677,-0.0326322520015544,-0.00253115282157892,-0.0483279572729052,-0.035239810026912,-0.0134339846322387,-0.0249724973828083,-0.020848657721185,-0.0215957642252531,-0.019404112632824,-0.00910481403669583,-0.0273165077917355,-0.00832191967744708,-0.0217450769990873,-0.0180114137413629,-0.0243571431702641,-0.0159904194146925,-0.0297140789659211,-0.0171460999253558,-0.0273035672421848,-0.0176353733243951,-0.0210975619558589,-0.00575022535730507,-0.0364064277527942,-0.0303262515624643,-0.00957607579526811,-0.00869976769121781,-0.00844169780481482,-0.00978860087156886,-0.0103483167898175,-0.00688281702918486,-0.0194230879853892,-0.0239099239683656,-0.01117286776687,-0.0167635363720672
-1059052387562.22,-0.488125157531353,-0.244988407680026,-0.171326844446768,-0.101993336019279,-0.100143030526967,-0.0811215046720703,-0.0769630788300951,-0.045900616945304,-0.0540692460104026,-0.0543855498304384,-0.0487788390372084,-0.0637470548035207,-0.0500817793067884,-0.0408309010109267,-0.042022645630611,-0.0286818939087505,-0.0390286848857511,-0.0153530575756614,-0.0161661886941522,-0.0434636437267366,-0.0327121046942379,-0.0369044778468974,-0.0311776571108915,-0.0232260040470318,-0.0357644588449215,-0.0166563181092134,-0.0332984753546918,-0.0247507601641161,-0.0155777562199224,-0.0165139549607819,-0.0155454875255912,-0.0369637611763444,-0.0143257766877057,-0.0226800619571955,-0.0176923436174943,-0.0203477383931574,-0.0207689502713774,-0.00753831185031051,-0.0198549300935847,-0.0121554469629845,-0.0296395155224617,-0.0068741208127553,-0.0193669049201349,-0.0168619317416745,-0.0422444484155976,-0.0198789628499366,-0.0267357053800459,-0.0171424378381437,-0.0400333748903593
-1110967156433.84,-0.566912909176413,-0.283229760103731,-0.184117603675895,-0.140953468435337,-0.122592165996422,-0.0968010956140802,-0.0685458959855209,-0.0646136578068368,-0.0587218837738657,-0.0578906318767714,-0.0683464282685169,-0.0645411397895102,-0.0467688636678441,-0.0434495930965996,-0.0369022841868218,-0.0374811961916797,-0.0291968170267619,-0.0252875444155736,-0.0222569060143063,-0.0267856248418343,-0.0315863879352238,-0.0150309010712566,-0.0320517576492475,-0.0429896012403621,-0.0206881855087014,-0.0222730772881365,-0.0208575179276238,-0.0270264060202198,-0.0208935972573688,-0.031570554739241,-0.0229102625135879,-0.0353813643624458,-0.032826432982862,-0.0397968352458123,-0.0200543326321116,-0.0108282148334348,-0.0228740956932856,-0.0190560373466306,-0.0292064829215846,-0.00466545495791401,-0.037184968459573,-0.0169971260439395,-0.0274654201557772,-0.0128639693560909,-0.0326480898204016,-0.0385512154221766,-0.0119762777001011,-0.0147145676381491,-0.0212054905053856
-1032495579030.52,-0.657029480495979,-0.347180242982662,-0.205750434373113,-0.182662913105631,-0.124646309012741,-0.115247003170319,-0.0842836776589839,-0.0770242902552769,-0.0895365171833757,-0.0946073447640749,-0.0608081186689259,-0.0480652652085237,-0.0526972104865508,-0.0422535475724153,-0.0480219121967427,-0.0319554997179618,-0.0258166527412028,-0.019974299524077,-0.0337475584171167,-0.0456944069004372,-0.0390030930522636,-0.0223207733542681,-0.0412288036043218,-0.0322320899534796,-0.0374487054998962,-0.0187615770906142,-0.0196033155448853,-0.0512142060157802,-0.0319086171321566,-0.0309940841555709,-0.0290458050126014,-0.0440946492696692,-0.0411459050883756,-0.0226907099141629,-0.0215596603300802,-0.0194785365724741,-0.0143031865916159,-0.0277450234302595,-0.0159860949285397,-0.0173400115220493,-0.0346231983997824,-0.0437478775462042,-0.0348576977693715,-0.0396845909255773,-0.0181767420372868,-0.000528342670754691,-0.0291054852190338,-0.035078122715186,-0.0129943571766089
-1058714296947.86,-0.762924009776448,-0.374456921041036,-0.266732463704219,-0.20909065195785,-0.145777506379055,-0.11657456767773,-0.11030659009802,-0.0971045567009578,-0.0954147795872106,-0.0726666710427553,-0.0703489053457076,-0.0509890685255519,-0.0526610345550608,-0.0493821051733789,-0.0479716842726657,-0.0351574280952465,-0.0636154353572867,-0.0596629286465504,-0.0460122473603714,-0.0337934106272168,-0.033233955036558,-0.0397751569129792,-0.0280013918936383,-0.0432717594958722,-0.0239750209692742,-0.0245277807351438,-0.0256088542042314,-0.0196862462074527,-0.00775751730094168,-0.0372261852405059,-0.0516079970563208,-0.027677699913532,-0.0203604746209432,-0.0161695207574269,-0.0232535631728129,-0.0377243345669203,-0.0192957320687156,-0.0283889267458679,-0.0394957088561877,-0.022911334012299,-0.0206032641604219,-0.0356891461351667,-0.0294308600622575,-0.0120183198335045,-0.0162505300015013,-0.0165714957973242,-0.0262718527384652,-0.0242159790569885,-0.0299850004130973
-1013489322137.14,-0.869097580494051,-0.445408135708219,-0.299889630614192,-0.230576138368048,-0.165291866583373,-0.148464643165858,-0.122513584507928,-0.109469629527357,-0.0975398473539938,-0.101717184689873,-0.0805411741517936,-0.0854632484531822,-0.0787673629571267,-0.0660550527753807,-0.055117863695032,-0.0669845024491582,-0.0535657802338028,-0.0678919935395657,-0.0519400611324059,-0.0430980754563646,-0.0507735566222311,-0.0362687252281524,-0.0271472344983234,-0.0583744022536197,-0.046323680996075,-0.0464346163619911,-0.0320000424463269,-0.0152125781813753,-0.0387715064714266,-0.0326262701969262,-0.0210510418194558,-0.0375823085179522,-0.0291565161984259,-0.0375676604925901,-0.0178006121773091,-0.0182997620801033,-0.0287669265573143,-0.0378651470266869,-0.0320515512530781,-0.0404174814482956,-0.0425766568285525,-0.0251522898455908,-0.0170759201735894,-0.0276944085868538,-0.0237954702821865,-0.0228807232092283,-0.0292937877599634,-0.0146689036553564,-0.0236038874131512
-967156651657.692,-1.05898652798146,-0.508482712274944,-0.359532321065097,-0.265919724128325,-0.235397199318559,-0.188531341953369,-0.141641651908935,-0.115734109099661,-0.104460706388915,-0.0950251794861376,-0.0946816301199134,-0.0749034440482687,-0.0758490810660358,-0.05348387062912,-0.0698780080824186,-0.0528410449118672,-0.0574475247606208,-0.070477921032742,-0.0571419087170132,-0.0486820409867147,-0.0476946926852354,-0.0549037642017032,-0.054958021894235,-0.0576273674393303,-0.0439094529191547,-0.0394476298075322,-0.0483011126586897,-0.0338842309838412,-0.0413244912809255,-0.055265411342736,-0.0409645120125065,-0.0470974869778332,-0.0477171131814077,-0.0257271151874728,-0.0415407858817083,-0.0420380397717325,-0.0352679831198599,-0.01811809442857,-0.0326227164697937,-0.0102325769444652,-0.0210930255830526,-0.028957407965284,-0.023020045307252,-0.01849073685573,-0.0180481896706724,-0.0131344142265535,-0.0236118513847543,-0.0274571948611296,-0.0238325797538533
-957885651205.96,-1.18208418860472,-0.630661638933198,-0.440874872768023,-0.295706124996075,-0.244130834538421,-0.194317695534417,-0.187711700685572,-0.169367952415469,-0.122132358926368,-0.121242623772883,-0.12172139383357,-0.122111512488211,-0.11475824405021,-0.0972210225776434,-0.0927252411726073,-0.0788296350647745,-0.0795089360333293,-0.0716122268423663,-0.0713392796488675,-0.0517527330314686,-0.0554133802632103,-0.0431922850275871,-0.0484171714608827,-0.0483927256607951,-0.0579243111918619,-0.0587754124797288,-0.0379411844357902,-0.0631453819893718,-0.0579475556101844,-0.0444109510666628,-0.0712537510717964,-0.0395243712789841,-0.0367894768023758,-0.0291540736834805,-0.0494720353059289,-0.0257933700379221,-0.0292467815139811,-0.03540300035152,-0.0280660121450097,-0.0466401432424529,-0.036304389223537,-0.0250369431754733,-0.0570484357955257,-0.0409746093355668,-0.0418590380936919,-0.0217924247399579,-0.0217014237538412,-0.0366892529677982,-0.0203555951855808
-867555237683.634,-1.41939031483178,-0.74905545443673,-0.4825723081998,-0.380970601362832,-0.29181818113912,-0.247834483357716,-0.195621809247061,-0.191405244043728,-0.159428566676233,-0.154102607347276,-0.139449065986024,-0.131568550201788,-0.103205915717503,-0.0944012624705583,-0.0894214699135311,-0.0964069346319112,-0.0898065426306427,-0.0702121179529578,-0.100027412697854,-0.0706009822504655,-0.0599834002490172,-0.0788216828824603,-0.0651685771997142,-0.0638622455688507,-0.0609856251206088,-0.0570517260810368,-0.0436891194911674,-0.0436527924479531,-0.0435130167772834,-0.0500754795619148,-0.0487160844528868,-0.052861567238086,-0.0294487431336254,-0.0577465785169933,-0.0514206833615538,-0.0411422689250612,-0.0351549512249897,-0.0392736430502509,-0.0449816574058373,-0.0389642450916519,-0.0335948395838726,-0.0468982274509391,-0.0450108494614875,-0.0473968372553592,-0.0287358571597888,-0.0235386372104528,-0.0188715663651797,-0.0313656883594387,-0.0400611051622231
-874626544288.35,-1.68240667279143,-0.833778787236089,-0.55601380380342,-0.434801107186752,-0.329052162470047,-0.275927589618799,-0.259244755280957,-0.213584827244616,-0.17848489084644,-0.172172361981041,-0.173846307958463,-0.135769133100587,-0.136333052626272,-0.132754928253493,-0.108901585546618,-0.100090095631106,-0.0871406888690196,-0.102942933612028,-0.0991014236847612,-0.073224664178476,-0.0745499034139538,-0.0708769567368288,-0.0675123314579082,-0.0763703929530776,-0.075447984183881,-0.0568557856999663,-0.0597925407104241,-0.0725097315469439,-0.0678471733326841,-0.0475627759273867,-0.0704864514224606,-0.0482236730411481,-0.054254649720315,-0.0686900977332822,-0.0453342019196601,-0.0410240507816483,-0.0584247911278614,-0.0457751215383542,-0.0399043932977363,-0.0490397262638239,-0.0360564463535786,-0.0313847812603095,-0.0307407223858951,-0.0459199256840739,-0.0636393748820709,-0.0358423262927129,-0.0208044264891414,-0.0260180034520639,-0.0433582116248519
-737313500645.889,-1.98981623648489,-0.991708796714036,-0.646531543466815,-0.491151879145187,-0.387819044527702,-0.347389328068048,-0.298437184588785,-0.251280365321024,-0.234370244804598,-0.174267362863743,-0.184232329181881,-0.1564044216492,-0.156933112370097,-0.127323853237471,-0.13846133757638,-0.120950232303419,-0.12123765239539,-0.100792424553444,-0.10213464652609,-0.0890197693560904,-0.092423509373755,-0.0913922219305427,-0.0779511348507495,-0.0861196436658549,-0.103402006738708,-0.0726922346731106,-0.0704201486580636,-0.0511269507187045,-0.0887118220956992,-0.0558746884936306,-0.0563183864499682,-0.0572806969505639,-0.0758972170728373,-0.050040866159865,-0.0702172241412181,-0.0440639587371883,-0.0525515151605296,-0.0616196558913172,-0.0440848857701654,-0.0608307441404448,-0.0620581016898325,-0.0437735913989302,-0.0570897879877531,-0.0549367204406437,-0.0423743783866687,-0.0543583146482393,-0.0527883926436896,-0.0402682342569213,-0.0414928169933192
-736359416763.109,-2.32161687711769,-1.19457840452261,-0.780062985948067,-0.592190939358575,-0.479582110451513,-0.386945449175597,-0.336425273303055,-0.290985395021681,-0.261740661970537,-0.239785505763118,-0.219766981196407,-0.206928582105505,-0.162897701458672,-0.153841070119965,-0.170252633322777,-0.134698040790927,-0.148694897525638,-0.148178270002575,-0.124526261845708,-0.114535171247033,-0.123668774094302,-0.099598319123362,-0.114798932555751,-0.108264099339808,-0.0811378795379645,-0.0780557577059775,-0.0880025297173696,-0.0861013119425223,-0.0889255706549981,-0.0758818342874815,-0.0726963848622745,-0.0702933159350785,-0.0770406071485736,-0.0646723455916191,-0.0693701965470215,-0.0811463882961976,-0.059026749561779,-0.0534185626313601,-0.0713356730095084,-0.0707534779208543,-0.0503035749536285,-0.0735280747800398,-0.0494069962957546,-0.0288515015583552,-0.0571287091924149,-0.0479868911219159,-0.0423406932660331,-0.0480581394511331,-0.0528952854246847
-593325575540.632,-2.71904696355403,-1.3900910124251,-0.920408096642287,-0.679486963130587,-0.526459445123801,-0.464207072886108,-0.375363993474166,-0.341121849017733,-0.286591242556515,-0.260265452180744,-0.244200089052543,-0.22975099445725,-0.218285230415971,-0.201364724500007,-0.174480118549095,-0.198466047247935,-0.173284236513104,-0.148927379916562,-0.149384872649574,-0.138170274687249,-0.126076374587616,-0.13321046226718,-0.1206137224729,-0.122187611410813,-0.103717238511535,-0.109402262066251,-0.0982130191369919,-0.0982820024910591,-0.101308531372171,-0.0830348510320877,-0.0846003787503711,-0.088136173009102,-0.0833458488707445,-0.0770235775418352,-0.0959993521624179,-0.0765827513854534,-0.0632281600531463,-0.0966983334272171,-0.0534734454442637,-0.0774459074892235,-0.067354877636559,-0.0680041161136933,-0.063148001340558,-0.0809192876832881,-0.0556957197481991,-0.0390348513976277,-0.0632274025829945,-0.0587785203029631,-0.0596148264686001
-586726458979.262,-3.29454715372849,-1.61762431071512,-1.0529971278752,-0.814234031259965,-0.654179455773222,-0.528136099270422,-0.480217277590303,-0.40904905193691,-0.354184797946896,-0.33240637383752,-0.294689017719846,-0.278884095893818,-0.239006688585238,-0.242318740125494,-0.219430490991022,-0.189929961431951,-0.201697800363391,-0.179945181815236,-0.171171666779167,-0.163511427173717,-0.16611562045443,-0.137964140706292,-0.140245671285884,-0.120297571622522,-0.127472012485382,-0.137062434577112,-0.124729881621933,-0.131903260883109,-0.115350524055583,-0.102980238901659,-0.102111655829342,-0.113684876379496,-0.111643860501131,-0.113761322997596,-0.0991708474426582,-0.0785430121839708,-0.0853958178879923,-0.10543261936232,-0.0828387703470084,-0.0699298199241008,-0.0919842252666881,-0.0726752739278467,-0.0752569975992357,-0.0756962474265715,-0.0640875634662505,-0.0780961698170431,-0.0785042716764219,-0.0637677488526037,-0.0808199362279845
-467511114317.464,-3.79287673697831,-1.9190779316865,-1.24509279781813,-0.956474818894018,-0.750354603488297,-0.626041979577939,-0.55729487154915,-0.473033428933276,-0.417462868962566,-0.384262756258573,-0.349040275792271,-0.299760837268012,-0.274159415800618,-0.260920770731147,-0.246238848211905,-0.238111610171324,-0.229005641691283,-0.192305977978682,-0.200844908160103,-0.177672604245703,-0.187391326964202,-0.186611716537348,-0.177174640820002,-0.152511593494179,-0.163789186448111,-0.157570512674387,-0.136949525601756,-0.131464149653636,-0.142170005041709,-0.128438984946368,-0.117182978838551,-0.127035838830809,-0.0953660988424143,-0.126828725118009,-0.109460481886742,-0.0937939346796023,-0.0915598721001453,-0.112672511570275,-0.110030792049515,-0.0900704730810364,-0.0962410274264336,-0.0724432273354064,-0.0820280225500207,-0.0967861737307538,-0.0809592834966141,-0.0669061004594251,-0.0873210759585643,-0.0953406829196149,-0.0772730272106799
-442239068276.342,-4.49817040780929,-2.22571227034201,-1.50735357298454,-1.13434561085889,-0.894944257742233,-0.740654021683676,-0.632741121250229,-0.553440135112677,-0.507675603427149,-0.460139741555131,-0.408280262911372,-0.37502426402571,-0.345667076722173,-0.311032313410139,-0.291733372254245,-0.294318575188412,-0.249713385694063,-0.252322101593621,-0.232026255244124,-0.228150858105308,-0.209652143381533,-0.21972468693345,-0.198289043947552,-0.181180344261908,-0.18543247812165,-0.186283853164526,-0.184134883345072,-0.153460206348869,-0.159183828482037,-0.151347624309746,-0.151796930119632,-0.132085755048927,-0.131674245868623,-0.141135569285885,-0.126889236129357,-0.109475728599444,-0.123115841289769,-0.123296074016018,-0.111219362806395,-0.101271591266089,-0.094546574532157,-0.118838606020746,-0.0774656476156411,-0.104910109690242,-0.0979542860186235,-0.0969184584463733,-0.11101109893035,-0.0857043473859396,-0.0898820629833099
-355313511959.758,-5.27943240604321,-2.6410120801264,-1.76778516859028,-1.35509244046081,-1.04090603576949,-0.881296587922407,-0.757967715096001,-0.657067282998571,-0.606516634933454,-0.507099881103523,-0.463813214530167,-0.42870266266005,-0.416957303106295,-0.362706789661566,-0.354642813999853,-0.327647951804565,-0.31651462385047,-0.280131811454981,-0.278275136236399,-0.252320230871356,-0.237296770649725,-0.241663068963503,-0.225609378099281,-0.220288742737356,-0.205245597699833,-0.220738396983576,-0.177738405159562,-0.19057933207142,-0.175645195359115,-0.181070125825589,-0.172043844333375,-0.166426849676626,-0.163706328313647,-0.136730808012517,-0.141874377466791,-0.134238498827682,-0.149588326519776,-0.136977940202826,-0.123641874220254,-0.135967308587113,-0.130107427213101,-0.131366485569328,-0.135125638764853,-0.121598140177311,-0.0986261249640864,-0.117076332888193,-0.11133740509279,-0.122835019872659,-0.105226527004356
-326245080234.156,-6.18840834205601,-3.08699406793444,-2.08528710017588,-1.53884673995291,-1.22838299034683,-1.06105126329792,-0.875885928251985,-0.762615942808106,-0.703789382606045,-0.603655402267027,-0.539347516658547,-0.533136443249924,-0.475639599163264,-0.45551386411651,-0.420089448358899,-0.388890314982382,-0.362239139523988,-0.365844364087049,-0.327288924585869,-0.324156037609807,-0.285415973799973,-0.283182112173171,-0.252145388033661,-0.258071865466864,-0.234844310078659,-0.217218248822694,-0.228631047690973,-0.224574658552046,-0.220010846456048,-0.215773398594825,-0.195305607439072,-0.18733829101089,-0.181195821247322,-0.172240104257949,-0.183768278799854,-0.168441137350083,-0.173987633465677,-0.148971751015636,-0.128236701481699,-0.152179702793972,-0.159724503480098,-0.138474023789217,-0.121526387102218,-0.135101305992865,-0.155250172005128,-0.12668704149254,-0.123903192535348,-0.113916877958663,-0.129884651960557
-260423846852.914,-7.32015192073634,-3.66067644379948,-2.43967256545762,-1.80771147168046,-1.46367869585199,-1.21563275663264,-1.04098081004375,-0.925544019850284,-0.818079371795172,-0.747550689272789,-0.676286502635327,-0.620139523888496,-0.547056776134018,-0.516944241023484,-0.483989520116954,-0.464796571921823,-0.439312825502691,-0.411424401275638,-0.395632588104625,-0.353142590099082,-0.321401611115291,-0.330472332198891,-0.327754262619455,-0.289879912299627,-0.290475319719292,-0.265517030285334,-0.274819624159823,-0.258473849853982,-0.224312986932194,-0.255740915170387,-0.239366756652471,-0.228833928509812,-0.226820391732786,-0.216282997273928,-0.227107230532785,-0.205714330950709,-0.194284922982449,-0.196870800840268,-0.19552023033766,-0.196498753495546,-0.186087978711076,-0.164023817127463,-0.157003262265422,-0.163103772418472,-0.179343010907018,-0.158102496462087,-0.155931596635356,-0.158991299764761,-0.132757048984205
-236735556249.525,-8.57789251146523,-4.22361100059954,-2.89372128692073,-2.09625409433645,-1.71480200758579,-1.44289844667236,-1.22583366006629,-1.0345028886807,-0.950710051066937,-0.877106968337981,-0.783366029531828,-0.718878145362564,-0.6676741908262,-0.618182987180599,-0.570691040397352,-0.522896872883203,-0.509657897217618,-0.488039163468641,-0.446898994344155,-0.437499361446736,-0.424418893533405,-0.393828225994499,-0.388889862161094,-0.351471819463342,-0.350563566635836,-0.323237458626697,-0.313910806837139,-0.307527653274927,-0.298241911001018,-0.300701567434328,-0.274117786363265,-0.26171071764974,-0.270799414695093,-0.247381330307989,-0.250624388581553,-0.225908729426091,-0.240038778046089,-0.231753148828172,-0.218077640029133,-0.223461516043401,-0.207732693779724,-0.210251661015665,-0.1928181253439,-0.204388967376333,-0.160419073051667,-0.206599301468549,-0.182231579614148,-0.176503116617987,-0.182133527095522
-192426403615.027,-10.1699641803242,-5.1102722856155,-3.37273405951579,-2.5353709877892,-2.04431600032705,-1.68460542322828,-1.4377906179918,-1.26173708262689,-1.11807181990833,-1.01781366630106,-0.942170395467448,-0.858683625317759,-0.780252790103696,-0.71328475487282,-0.676846358392513,-0.633181985519378,-0.576186624965665,-0.570323293178874,-0.529199780586302,-0.524415729942556,-0.477024417559905,-0.48334251143538,-0.457590177277072,-0.413171592190245,-0.41972676708123,-0.380360013525414,-0.388486577899803,-0.359091506877613,-0.352349822175345,-0.343264474816327,-0.32014879783401,-0.309642655016698,-0.31063872825664,-0.29804752815472,-0.317802120754951,-0.302177410044359,-0.26350313333155,-0.260748852957312,-0.272655301911871,-0.263355741652964,-0.250938318827776,-0.22767937077216,-0.24645609628526,-0.24611326261797,-0.235029139247579,-0.21176331894157,-0.198565764935529,-0.204407576803334,-0.195658910167607
-168275532979.808,-12.0374639529267,-5.94240712125083,-3.96999765803496,-3.0071255310052,-2.38840136857841,-1.9425510909858,-1.71670805073677,-1.48121651665514,-1.31238995362743,-1.21093385855432,-1.08163759658246,-1.00727048905034,-0.928932284324955,-0.850191274424186,-0.775677647709109,-0.757749906060673,-0.704418296711721,-0.660199771500718,-0.628856865909202,-0.606014350545944,-0.551645665658389,-0.545398384559049,-0.510038511755376,-0.494182734034983,-0.475952914094347,-0.466628663788201,-0.449710509078186,-0.430828416885736,-0.429773990077923,-0.388730163484144,-0.394587810252622,-0.381475914183313,-0.361814824092797,-0.351339024296512,-0.359988778902889,-0.327777152175622,-0.31710953715614,-0.311746862092449,-0.291650308436898,-0.291248436961178,-0.286981480989256,-0.279139782297831,-0.279293753461904,-0.275753311785178,-0.258189488764021,-0.248423369694166,-0.248445434403932,-0.236162807140976,-0.247360304121999
-145631691118.642,-13.9827104470846,-7.01491235002914,-4.67791652773473,-3.57173147780283,-2.80329669612576,-2.3490355034812,-1.96964329432693,-1.74413984851192,-1.57000153324613,-1.40778607971819,-1.30502671031893,-1.19376773568455,-1.09460865049742,-0.979130972980633,-0.918363401125681,-0.888342538673825,-0.819034267590612,-0.778142315925582,-0.733192554453354,-0.70643806090229,-0.644600535444102,-0.651825688721076,-0.600926653599568,-0.590168255264415,-0.57349449736869,-0.531504730670244,-0.525411317835011,-0.510930634641508,-0.478590423363064,-0.464445900232831,-0.448336629780144,-0.422517825607302,-0.445463388012656,-0.428978113159858,-0.410808642497414,-0.402409533344911,-0.390749159433377,-0.364740775700397,-0.370378205120274,-0.354890373410333,-0.331483425038623,-0.333118841001258,-0.317837150915936,-0.322402031944869,-0.326189031154758,-0.302189916929828,-0.315021709618766,-0.291855539189173,-0.295258540398651
